,track_title,url
0,Strong Winds in a Forest,https://s3-us-west-2.amazonaws.com/cdn.soundfield.com/ambisonic/soundlibrary/files/preview/Z7b6e0e08b06f133a91d2.mp3
1,Small Running Creek,https://s3-us-west-2.amazonaws.com/cdn.soundfield.com/ambisonic/soundlibrary/files/preview/P4e6a1314e084becede57.mp3
2,Mountain River,https://s3-us-west-2.amazonaws.com/cdn.soundfield.com/ambisonic/soundlibrary/files/preview/J7fae7ee886cd4ed05204.mp3
3,Waterfall Three Feet Above,https://s3-us-west-2.amazonaws.com/cdn.soundfield.com/ambisonic/soundlibrary/files/preview/Ae36d6574dd612d2c52e5.mp3
4,Waterfall Two Feet Above,https://s3-us-west-2.amazonaws.com/cdn.soundfield.com/ambisonic/soundlibrary/files/preview/B757cd4da6e213c06fee1.mp3
5,Woods (Long),https://s3-us-west-2.amazonaws.com/cdn.soundfield.com/ambisonic/soundlibrary/files/preview/E764b787ca77a3468fc1d.mp3
6,Woods (Short),https://s3-us-west-2.amazonaws.com/cdn.soundfield.com/ambisonic/soundlibrary/files/preview/Ma21982764966d4b048d3.mp3
7,10 Feet from Shore,https://s3-us-west-2.amazonaws.com/cdn.soundfield.com/ambisonic/soundlibrary/files/preview/Ic2fdbb6b3954bb8c8e21.mp3
8,30 Feet from Shore,https://s3-us-west-2.amazonaws.com/cdn.soundfield.com/ambisonic/soundlibrary/files/preview/I8b2aa669f0c84b177c03.mp3
9,Farm,https://s3-us-west-2.amazonaws.com/cdn.soundfield.com/ambisonic/soundlibrary/files/preview/Bcdaafc31a80c469b2736.mp3
10,Horse Stable 1,https://s3-us-west-2.amazonaws.com/cdn.soundfield.com/ambisonic/soundlibrary/files/preview/J38d711a2e6738485917f.mp3
11,Horse Stable 2,https://s3-us-west-2.amazonaws.com/cdn.soundfield.com/ambisonic/soundlibrary/files/preview/Rdadb715083d9641029d0.mp3
12,Horse Stable 3,https://s3-us-west-2.amazonaws.com/cdn.soundfield.com/ambisonic/soundlibrary/files/preview/P43585d02282d36fbc761.mp3
13,Hurricane On Boat Deck,https://s3-us-west-2.amazonaws.com/cdn.soundfield.com/ambisonic/soundlibrary/files/preview/I039eb9f8546740b8e72d.mp3
14,Hurricane Sea Wall,https://s3-us-west-2.amazonaws.com/cdn.soundfield.com/ambisonic/soundlibrary/files/preview/A1e2acb75e5ea02be10c1.mp3
15,Waterfall Creek,https://s3-us-west-2.amazonaws.com/cdn.soundfield.com/ambisonic/soundlibrary/files/preview/C5dedbe2c545017299212.mp3
16,Waterfall Medium,https://s3-us-west-2.amazonaws.com/cdn.soundfield.com/ambisonic/soundlibrary/files/preview/N14c243d7b9959031d60b.mp3
17,Waterfall Small,https://s3-us-west-2.amazonaws.com/cdn.soundfield.com/ambisonic/soundlibrary/files/preview/L69526d8389565620ffa6.mp3
18,Torquay Surf,https://s3-us-west-2.amazonaws.com/cdn.soundfield.com/ambisonic/soundlibrary/files/preview/G1df88740d3609e08f0c8.mp3
19,Victoria Birds,https://s3-us-west-2.amazonaws.com/cdn.soundfield.com/ambisonic/soundlibrary/files/preview/I067ab3d5b27c31205403.mp3
20,Victoria Creek,https://s3-us-west-2.amazonaws.com/cdn.soundfield.com/ambisonic/soundlibrary/files/preview/Yaeb69476ccb69f603bea.mp3
21,Victoria Garden Birds,https://s3-us-west-2.amazonaws.com/cdn.soundfield.com/ambisonic/soundlibrary/files/preview/J4bb0c11a72f11357d848.mp3
22,Waterhole Frogs Day,https://s3-us-west-2.amazonaws.com/cdn.soundfield.com/ambisonic/soundlibrary/files/preview/If3df4bae6814665eee09.mp3
23,Waterhole Frogs Night,https://s3-us-west-2.amazonaws.com/cdn.soundfield.com/ambisonic/soundlibrary/files/preview/G7ec84c9ce83cab5fb754.mp3
24,Werribee Wetlands,https://s3-us-west-2.amazonaws.com/cdn.soundfield.com/ambisonic/soundlibrary/files/preview/B04043f65956794665e94.mp3
25,Whistling Wind,https://s3-us-west-2.amazonaws.com/cdn.soundfield.com/ambisonic/soundlibrary/files/preview/Hf8bf1bb0e652f88599f0.mp3
26,Windows Closed Wind,https://s3-us-west-2.amazonaws.com/cdn.soundfield.com/ambisonic/soundlibrary/files/preview/He58d707c056bceb78d8c.mp3
27,Windows Open Wind,https://s3-us-west-2.amazonaws.com/cdn.soundfield.com/ambisonic/soundlibrary/files/preview/Q34fc1c1cbf6fb138e820.mp3
28,Wombat Forest Birds,https://s3-us-west-2.amazonaws.com/cdn.soundfield.com/ambisonic/soundlibrary/files/preview/V473dfb098216889c1082.mp3
29,Wombat Forest Cicadas,https://s3-us-west-2.amazonaws.com/cdn.soundfield.com/ambisonic/soundlibrary/files/preview/C63ee791b2b543be9b0fe.mp3
30,Wombat Forest Creek,https://s3-us-west-2.amazonaws.com/cdn.soundfield.com/ambisonic/soundlibrary/files/preview/I34621230e6243c76ee1f.mp3
31,Wombat Forest Dawn Birds,https://s3-us-west-2.amazonaws.com/cdn.soundfield.com/ambisonic/soundlibrary/files/preview/I9f333cf7c56104f43a1c.mp3
32,Wombat Forest Dusk Birds,https://s3-us-west-2.amazonaws.com/cdn.soundfield.com/ambisonic/soundlibrary/files/preview/Ka350d703150041ff98e7.mp3
33,Wombat Forest Kookaburras,https://s3-us-west-2.amazonaws.com/cdn.soundfield.com/ambisonic/soundlibrary/files/preview/E25555b874d6113a57f0b.mp3
34,Wombat Forest Thunderstorm,https://s3-us-west-2.amazonaws.com/cdn.soundfield.com/ambisonic/soundlibrary/files/preview/Zfc4d1c8fe481fb37bdc1.mp3
35,Daylesford Frogs,https://s3-us-west-2.amazonaws.com/cdn.soundfield.com/ambisonic/soundlibrary/files/preview/Wda1b0662f2af1b0e23c1.mp3
36,Daylesford Spillway,https://s3-us-west-2.amazonaws.com/cdn.soundfield.com/ambisonic/soundlibrary/files/preview/Xf0d3977facc9c75b313b.mp3
37,Guildford Cicadas,https://s3-us-west-2.amazonaws.com/cdn.soundfield.com/ambisonic/soundlibrary/files/preview/S8d1c8072b61667c49936.mp3
38,Hepburn Blowhole,https://s3-us-west-2.amazonaws.com/cdn.soundfield.com/ambisonic/soundlibrary/files/preview/E9a20f731054b35ecbcd0.mp3
39,Jubilee Lake Birds,https://s3-us-west-2.amazonaws.com/cdn.soundfield.com/ambisonic/soundlibrary/files/preview/W8f99d1f1652264d84bf4.mp3
40,Lithgow Wildlife,https://s3-us-west-2.amazonaws.com/cdn.soundfield.com/ambisonic/soundlibrary/files/preview/I1d42fd8856de0ff32c3b.mp3
41,Olinda Arboretum,https://s3-us-west-2.amazonaws.com/cdn.soundfield.com/ambisonic/soundlibrary/files/preview/L33f84ef4a8c3a6f1eb4f.mp3
42,Pine Forest,https://s3-us-west-2.amazonaws.com/cdn.soundfield.com/ambisonic/soundlibrary/files/preview/X5072b7823fd6eee8d7c3.mp3
43,Rural Garden,https://s3-us-west-2.amazonaws.com/cdn.soundfield.com/ambisonic/soundlibrary/files/preview/V5bea3672e32b4aba9c67.mp3
44,Rural Road Car Pass,https://s3-us-west-2.amazonaws.com/cdn.soundfield.com/ambisonic/soundlibrary/files/preview/Y758b803a1c25bacc1504.mp3
45,Rural Road,https://s3-us-west-2.amazonaws.com/cdn.soundfield.com/ambisonic/soundlibrary/files/preview/D45203b90c36dfeaeb2e3.mp3
46,Summer Night Insects,https://s3-us-west-2.amazonaws.com/cdn.soundfield.com/ambisonic/soundlibrary/files/preview/Y67d43daab2a228f009d5.mp3
47,Summer Rain Shower,https://s3-us-west-2.amazonaws.com/cdn.soundfield.com/ambisonic/soundlibrary/files/preview/Y09792b433119343311bd.mp3
48,Tin Shed Drip,https://s3-us-west-2.amazonaws.com/cdn.soundfield.com/ambisonic/soundlibrary/files/preview/X91e3a46eef1af0d00e0f.mp3
49,Tin Shed Rain,https://s3-us-west-2.amazonaws.com/cdn.soundfield.com/ambisonic/soundlibrary/files/preview/Mfba4799599bfbf65df45.mp3
50,Torquay Seagulls and Tourists,https://s3-us-west-2.amazonaws.com/cdn.soundfield.com/ambisonic/soundlibrary/files/preview/Taad55df7f7b9ab334b0c.mp3
51,Anna Bay Beach,https://s3-us-west-2.amazonaws.com/cdn.soundfield.com/ambisonic/soundlibrary/files/preview/N0d47d6006991280916d3.mp3
52,Anna Bay Birds,https://s3-us-west-2.amazonaws.com/cdn.soundfield.com/ambisonic/soundlibrary/files/preview/Jaa6977f54b394c57f027.mp3
53,Anna Bay Cicadas,https://s3-us-west-2.amazonaws.com/cdn.soundfield.com/ambisonic/soundlibrary/files/preview/N9e4b74219fefcc10c4c9.mp3
54,Anna Bay Waves,https://s3-us-west-2.amazonaws.com/cdn.soundfield.com/ambisonic/soundlibrary/files/preview/Na5032af1ed1a0fbf5f59.mp3
55,Cicadas at Dusk,https://s3-us-west-2.amazonaws.com/cdn.soundfield.com/ambisonic/soundlibrary/files/preview/Z586ca6858cfd1670f26a.mp3
56,Waves at the Beach,https://s3-us-west-2.amazonaws.com/cdn.soundfield.com/ambisonic/soundlibrary/files/preview/A9572128fe0cc50749f48.mp3
57,Blustering Wind,https://s3-us-west-2.amazonaws.com/cdn.soundfield.com/ambisonic/soundlibrary/files/preview/Z1de4fdba431cb6f95777.mp3
